-- 
-- @created 2009-01-27 14:00:00
-- @modified 2013-06-24 17:00:00
-- @tags ddl schema_topology

\c db_test_bed


CREATE TABLE heap_column_with_32k(
text_col1 text,
text_col2 text,
bigint_col bigint,
char_vary_col character varying(30),
numeric_col numeric,
int_col int4,
float_col float4,
int_array_col int[],
drop_col numeric,
before_rename_col int4,
change_datatype_col numeric,
a_ts_without timestamp without time zone,
b_ts_with timestamp with time zone,
date_column date) distributed randomly;

insert into heap_column_with_32k values ('0_zero','0_zero', 0, '0_zero', 0, 0, 0, '{0}', 0, 0, 0, '2004-10-19 10:23:54', '2004-10-19 10:23:54+02', '1-1-2000');
insert into heap_column_with_32k values ('1_zero','1_zero', 1, '1_zero', 1, 1, 1, '{1}', 1, 1, 1, '2005-10-19 10:23:54', '2005-10-19 10:23:54+02', '1-1-2001');
insert into heap_column_with_32k values ('2_zero','2_zero', 2, '2_zero', 2, 2, 2, '{2}', 2, 2, 2, '2006-10-19 10:23:54', '2006-10-19 10:23:54+02', '1-1-2002');
insert into heap_column_with_32k select i||'_'||repeat('text',30000),i||'_'||repeat('text',30000),i,i||'_'||repeat('text',3),i,i,i,'{3}',i,i,i,'2006-10-19 10:23:54', '2006-10-19 10:23:54+02', '1-1-2002' from generate_series(3,1000)i;

CREATE TABLE ao_column_with_32k(
text_col1 text,
text_col2 text,
bigint_col bigint,
char_vary_col character varying(30),
numeric_col numeric,
int_col int4,
float_col float4,
int_array_col int[],
drop_col numeric,
before_rename_col int4,
change_datatype_col numeric,
a_ts_without timestamp without time zone,
b_ts_with timestamp with time zone,
date_column date) with (appendonly=true) distributed randomly;

insert into ao_column_with_32k values ('0_zero','0_zero', 0, '0_zero', 0, 0, 0, '{0}', 0, 0, 0, '2004-10-19 10:23:54', '2004-10-19 10:23:54+02', '1-1-2000');
insert into ao_column_with_32k values ('1_zero','1_zero', 1, '1_zero', 1, 1, 1, '{1}', 1, 1, 1, '2005-10-19 10:23:54', '2005-10-19 10:23:54+02', '1-1-2001');
insert into ao_column_with_32k values ('2_zero','2_zero', 2, '2_zero', 2, 2, 2, '{2}', 2, 2, 2, '2006-10-19 10:23:54', '2006-10-19 10:23:54+02', '1-1-2002');
insert into ao_column_with_32k select i||'_'||repeat('text',30000),i||'_'||repeat('text',30000),i,i||'_'||repeat('text',3),i,i,i,'{3}',i,i,i,'2006-10-19 10:23:54', '2006-10-19 10:23:54+02', '1-1-2002' from generate_series(3,1000)i;

CREATE TABLE co_column_with_32k(
text_col1 text,
text_col2 text,
bigint_col bigint,
char_vary_col character varying(30),
numeric_col numeric,
int_col int4,
float_col float4,
int_array_col int[],
drop_col numeric,
before_rename_col int4,
change_datatype_col numeric,
a_ts_without timestamp without time zone,
b_ts_with timestamp with time zone,
date_column date) with (orientation='column',appendonly=true) distributed randomly;

insert into co_column_with_32k values ('0_zero','0_zero', 0, '0_zero', 0, 0, 0, '{0}', 0, 0, 0, '2004-10-19 10:23:54', '2004-10-19 10:23:54+02', '1-1-2000');
insert into co_column_with_32k values ('1_zero','1_zero', 1, '1_zero', 1, 1, 1, '{1}', 1, 1, 1, '2005-10-19 10:23:54', '2005-10-19 10:23:54+02', '1-1-2001');
insert into co_column_with_32k values ('2_zero','2_zero', 2, '2_zero', 2, 2, 2, '{2}', 2, 2, 2, '2006-10-19 10:23:54', '2006-10-19 10:23:54+02', '1-1-2002');
insert into co_column_with_32k select i||'_'||repeat('text',30000),i||'_'||repeat('text',30000),i,i||'_'||repeat('text',3),i,i,i,'{3}',i,i,i,'2006-10-19 10:23:54', '2006-10-19 10:23:54+02', '1-1-2002' from generate_series(3,1000)i;

