-- 
-- @created 2009-01-27 14:00:00
-- @modified 2013-06-24 17:00:00
-- @tags ddl schema_topology
-- @description Heap tables with indexes

\c db_test_bed
CREATE TABLE heap_table_unique_index(
text_col text,
bigint_col bigint,
char_vary_col character varying(30),
numeric_col numeric,
int_col int4,
float_col float4,
int_array_col int[],
drop_col numeric,
before_rename_col int4,
change_datatype_col numeric,
a_ts_without timestamp without time zone,
b_ts_with timestamp with time zone,
date_column date) ;

CREATE UNIQUE INDEX heap_table_unq_idx ON heap_table_unique_index (numeric_col);

insert into heap_table_unique_index values ('0_zero', 0, '0_zero', 0, 0, 0, '{0}', 0, 0, 0, '2004-10-19 10:23:54', '2004-10-19 10:23:54+02', '1-1-2000');
insert into heap_table_unique_index values ('1_zero', 1, '1_zero', 1, 1, 1, '{1}', 1, 1, 1, '2005-10-19 10:23:54', '2005-10-19 10:23:54+02', '1-1-2001');
insert into heap_table_unique_index values ('2_zero', 2, '2_zero', 2, 2, 2, '{2}', 2, 2, 2, '2006-10-19 10:23:54', '2006-10-19 10:23:54+02', '1-1-2002');
insert into heap_table_unique_index select i||'_'||repeat('text',100),i,i||'_'||repeat('text',3),i,i,i,'{3}',i,i,i,'2006-10-19 10:23:54', '2006-10-19 10:23:54+02', '1-1-2002' from generate_series(3,100)i;

CREATE TABLE heap_table_btree_index(
text_col text,
bigint_col bigint,
char_vary_col character varying(30),
numeric_col numeric,
int_col int4,
float_col float4,
int_array_col int[],
drop_col numeric,
before_rename_col int4,
change_datatype_col numeric,
a_ts_without timestamp without time zone,
b_ts_with timestamp with time zone,
date_column date) ;

CREATE INDEX heap_table_idx ON heap_table_btree_index (numeric_col);

insert into heap_table_btree_index values ('0_zero', 0, '0_zero', 0, 0, 0, '{0}', 0, 0, 0, '2004-10-19 10:23:54', '2004-10-19 10:23:54+02', '1-1-2000');
insert into heap_table_btree_index values ('1_zero', 1, '1_zero', 1, 1, 1, '{1}', 1, 1, 1, '2005-10-19 10:23:54', '2005-10-19 10:23:54+02', '1-1-2001');
insert into heap_table_btree_index values ('2_zero', 2, '2_zero', 2, 2, 2, '{2}', 2, 2, 2, '2006-10-19 10:23:54', '2006-10-19 10:23:54+02', '1-1-2002');
insert into heap_table_btree_index select i||'_'||repeat('text',100),i,i||'_'||repeat('text',3),i,i,i,'{3}',i,i,i,'2006-10-19 10:23:54', '2006-10-19 10:23:54+02', '1-1-2002' from generate_series(3,100)i;

CREATE TABLE heap_table_bitmap_index(
text_col text,
bigint_col bigint,
char_vary_col character varying(30),
numeric_col numeric,
int_col int4,
float_col float4,
int_array_col int[],
drop_col numeric,
before_rename_col int4,
change_datatype_col numeric,
a_ts_without timestamp without time zone,
b_ts_with timestamp with time zone,
date_column date) ;

CREATE INDEX numeric_col_bm_idx ON heap_table_bitmap_index USING bitmap (numeric_col);;

insert into heap_table_bitmap_index values ('0_zero', 0, '0_zero', 0, 0, 0, '{0}', 0, 0, 0, '2004-10-19 10:23:54', '2004-10-19 10:23:54+02', '1-1-2000');
insert into heap_table_bitmap_index values ('1_zero', 1, '1_zero', 1, 1, 1, '{1}', 1, 1, 1, '2005-10-19 10:23:54', '2005-10-19 10:23:54+02', '1-1-2001');
insert into heap_table_bitmap_index values ('2_zero', 2, '2_zero', 2, 2, 2, '{2}', 2, 2, 2, '2006-10-19 10:23:54', '2006-10-19 10:23:54+02', '1-1-2002');
insert into heap_table_bitmap_index select i||'_'||repeat('text',100),i,i||'_'||repeat('text',3),i,i,i,'{3}',i,i,i,'2006-10-19 10:23:54', '2006-10-19 10:23:54+02', '1-1-2002' from generate_series(3,100)i;

