-- @gucs gp_create_table_random_default_distribution=off
insert into ao_compr01 values ('0_zero',0);
insert into ao_compr01 values ('1_one',1);
insert into ao_compr01 values ('2_two',2);
insert into ao_compr02 values(1, generate_series(1,14), 4, 5); 
insert into ao_compr03 values(generate_series(1,5), generate_series(1,15), generate_series(1,10));
insert into ao_part01 values(generate_series(1,5), generate_series(1,15), generate_series(1,7));
insert into ao_part02(col1, col2, col3) values (1, '2008-01-02', 'one'), (2, '2008-01-02', 'two'), (3, '2008-01-02', 'three');
insert into ao_part02(col1, col2, col3) values (1, '2008-02-03', 'two'), (2, '2008-02-03', 'one'), (3, '2008-02-03', 'three');
insert into ao_part02(col1, col2, col3)  values(1, '2008-03-04', 'three'),(1, '2008-04-04', 'one'), (2, '2008-03-04', 'two') ;
insert into ao_part02(col1, col2, col3) values (1, '2008-04-05', 'one'), (2, '2008-04-05', 'two'), (3, '2008-04-05', 'three');
insert into ao_part02(col1, col2, col3) values (1, '2008-05-06', 'one'), (2, '2008-05-06', 'two'), (3, '2008-05-06', 'three');
insert into ao_part04 select * from ao_part03;
insert into ao_part05 select * from ao_part03;
insert into ao_part06 values(1, generate_series(1,20), 4, 5);
insert into ao_part07 select * from ao_part03;
insert into ao_part08 values(1, generate_series(1,20), 4, 5);
insert into ao_part09 select * from ao_part02;
insert into ao_part10 select * from ao_part02;
insert into ao_table1 values ('0_zero', 0, '0_zero', 0, 0, 0, '{0}', 0, 0, '2004-10-19 10:23:54', '2004-10-19 10:23:54+02', '1-1-2000',0);
insert into ao_table1 values ('1_zero', 1, '1_zero', 1, 1, 1, '{1}', 1, 1, '2005-10-19 10:23:54', '2005-10-19 10:23:54+02', '1-1-2001',1);
insert into ao_table1 values ('2_zero', 2, '2_zero', 2, 2, 2, '{2}', 2, 2, '2006-10-19 10:23:54', '2006-10-19 10:23:54+02', '1-1-2002',2);
insert into ao_table2 values ('0_zero',0);
insert into ao_table2 values ('1_one',1);
insert into ao_table2 values ('2_two',2);
insert into ao_table2 select i||'_'||repeat('text',100),i from generate_series(1,100)i;
insert into aoschema1.ao_table3 values ( 1,'ann');
insert into aoschema1.ao_table3 values ( 2,'ben');
insert into ao_table21 values ( 1,'ann');
insert into ao_table21 values ( 2,'ben');
insert into aoschema1.ao_table22 values(1, 'data1');
insert into aoschema1.ao_table22 values(2, 'data2');
insert into ao_table_parent values ('0_zero', 0, '0_zero', 0); 
insert into ao_table_parent values ('1_zero', 1, '1_zero', 1); 
insert into ao_table_parent values ('2_zero', 2, '2_zero', 2); 
insert into ao_table_child values ('3_zero', 3, '3_zero', 3); 
insert into co_compr01 values ('0_zero',0);
insert into co_compr01 values ('1_one',1);
insert into co_compr01 values ('2_two',2);
insert into co_compr02 values(1, generate_series(1,14), 4, 5); 
insert into co_compr03 values(generate_series(1,5), generate_series(1,15), generate_series(1,10));
insert into co_compr06 values ('0_zero',0);
insert into co_compr06 values ('1_one',1);
insert into co_compr06 values ('2_two',2);
insert into co_part01 values(generate_series(1,5), generate_series(1,15), generate_series(1,7));
insert into co_part02(col1, col2, col3) values (1, '2008-01-02', 'one'), (2, '2008-01-02', 'two'), (3, '2008-01-02', 'three');
insert into co_part02(col1, col2, col3) values (1, '2008-02-03', 'two'), (2, '2008-02-03', 'one'), (3, '2008-02-03', 'three');
insert into co_part02(col1, col2, col3)  values(1, '2008-03-04', 'three'),(1, '2008-04-04', 'one'), (2, '2008-03-04', 'two') ;
insert into co_part02(col1, col2, col3) values (1, '2008-04-05', 'one'), (2, '2008-04-05', 'two'), (3, '2008-04-05', 'three');
insert into co_part02(col1, col2, col3) values (1, '2008-05-06', 'one'), (2, '2008-05-06', 'two'), (3, '2008-05-06', 'three');
insert into co_part04 select * from co_part03;
insert into co_part05 select * from co_part03;
insert into co_part06 values(1, generate_series(1,20), 4, 5);
insert into co_part07 select * from co_part03;
insert into co_part08 values(1, generate_series(1,20), 4, 5);
insert into co_part09 select * from co_part02;
insert into co_part10 select * from co_part02;
insert into co_table1 values ('0_zero', 0, '0_zero', 0, 0, 0, '{0}', 0, 0, '2004-10-19 10:23:54', '2004-10-19 10:23:54+02', '1-1-2000',0);
insert into co_table1 values ('1_zero', 1, '1_zero', 1, 1, 1, '{1}', 1, 1, '2005-10-19 10:23:54', '2005-10-19 10:23:54+02', '1-1-2001',1);
insert into co_table1 values ('2_zero', 2, '2_zero', 2, 2, 2, '{2}', 2, 2, '2006-10-19 10:23:54', '2006-10-19 10:23:54+02', '1-1-2002',2);
insert into co_table2 values ('0_zero',0);
insert into co_table2 values ('1_one',1);
insert into co_table2 values ('2_two',2);
insert into co_table2 select i||'_'||repeat('text',100),i from generate_series(1,100)i;
insert into coschema1.co_table3 values ( 1,'ann');
insert into coschema1.co_table3 values ( 2,'ben');
insert into co_table21 values ( 1,'ann');
insert into co_table21 values ( 2,'ben');
insert into co_table_parent values ('0_zero', 0, '0_zero', 0);
insert into co_table_parent values ('1_zero', 1, '1_zero', 1);
insert into co_table_parent values ('2_zero', 2, '2_zero', 2);
insert into co_table_child values ('3_zero', 3, '3_zero', 3);
insert into heap_table1 values ('0_zero',0);
insert into heap_table1 values ('1_one',1);
insert into heap_table1 values ('2_two',2);
insert into schema1.heap_table2 values ( 1,'ann');
insert into schema1.heap_table2 values ( 1,'ben');
insert into schema1.heap_table2 values ( 3,'sam');
insert into schema1.heap_table2 select i,i||'_'||repeat('text',3) from generate_series(4,100)i;
insert into heap_table3 values ('0_zero', 0, '0_zero', 0, 0, 0, '{0}', 0, 0, '2004-10-19 10:23:54', '2004-10-19 10:23:54+02', '1-1-2000',0);
insert into heap_table3 values ('1_zero', 1, '1_zero', 1, 1, 1, '{1}', 1, 1, '2005-10-19 10:23:54', '2005-10-19 10:23:54+02', '1-1-2001',1);
insert into heap_table3 values ('2_zero', 2, '2_zero', 2, 2, 2, '{2}', 2, 2, '2006-10-19 10:23:54', '2006-10-19 10:23:54+02', '1-1-2002',2);
insert into heap_table4 values ('0_zero',0);
insert into heap_table4 values ('1_one',1);
insert into heap_table4 values ('2_two',2);
insert into mixed_part01 values(generate_series(1,5), generate_series(1,15), generate_series(1,10));
insert into mixed_part02(col1, col2, col3) values (1, '2008-01-02', 'one'), (2, '2008-01-02', 'two'), (3, '2008-01-02', 'three'), (4, '2008-01-02' ,'four');
insert into mixed_part02(col1, col2, col3) values (1, '2008-02-03', 'two'), (2, '2008-02-03', 'one'), (3, '2008-02-03', 'three'), (4, '2008-02-03' ,'four');
insert into mixed_part02(col1, col2, col3)  values(1, '2008-03-04', 'three'),(1, '2008-04-04', 'one'), (2, '2008-03-04', 'two'), (4, '2008-03-04' ,'four') ;
insert into mixed_part02(col1, col2, col3) values (1, '2008-04-05', 'one'), (2, '2008-04-05', 'two'), (3, '2008-04-05', 'three'), (4, '2008-04-05', 'four');
insert into mixed_part02(col1, col2, col3) values (1, '2008-05-06', 'one'), (2, '2008-05-06', 'two'), (3, '2008-05-06', 'three'), (4, '2008-05-06', 'four');
insert into mixed_part04 values(1, generate_series(1,20), 4, 5); 
insert into mixed_part05 values(1, generate_series(1,20), 4, 5); 
insert into mixed_part06 values(1, generate_series(1,20), 4, 5); 
